index,source.ip,destination.ip,source.port,destination.port,network.protocol,network.transport,Argus.transaction.state,count_z_score
0,10.40.170.2,10.40.170.2,*,0,unknown,arp,*,[8.74573066576194]
1,10.40.182.1,10.40.182.3,*,0,unknown,arp,*,[8.81087844357011]
2,10.40.182.1,224.0.0.5,*,0,unknown,ospf,*,[9.197795796483641]
3,10.40.182.3,10.40.182.3,*,0,unknown,arp,*,[8.74573066576194]
4,10.40.182.6,10.40.182.255,*,138,unknown,udp,*,[0]
5,10.40.85.1,10.40.85.30,*,0,unknown,arp,*,[9.963282104370133]
6,10.40.85.1,224.0.0.5,*,0,unknown,ospf,*,[9.197795796483641]
7,10.40.85.10,10.40.85.1,*,0,unknown,arp,*,[7.884206636416519]
8,10.40.85.10,192.168.241.50,*,52233,unknown,icmp,*,[10]
9,10.40.85.30,10.40.85.1,*,0,unknown,arp,*,[10]
10,59.166.0.0,149.171.126.0,*,111,unknown,udp,*,[0]
11,59.166.0.0,149.171.126.0,*,143,unknown,tcp,*,[0.3916347669244401]
12,59.166.0.0,149.171.126.0,*,21,ftp,tcp,*,[0]
13,59.166.0.0,149.171.126.0,*,22,ssh,tcp,*,[0]
14,59.166.0.0,149.171.126.0,*,25,smtp,tcp,*,[0.4045199174779453]
15,59.166.0.0,149.171.126.0,*,5190,unknown,tcp,*,[0.6311200217197492]
16,59.166.0.0,149.171.126.0,*,53,dns,udp,*,[1.0547198028072964]
17,59.166.0.0,149.171.126.0,*,6881,unknown,tcp,*,[0.2924969178954459]
18,59.166.0.0,149.171.126.0,*,80,http,tcp,*,[0.1574724447330468]
19,59.166.0.0,149.171.126.1,*,111,unknown,udp,*,[0]
20,59.166.0.0,149.171.126.1,*,143,unknown,tcp,*,[0]
21,59.166.0.0,149.171.126.1,*,21,ftp,tcp,*,[0]
22,59.166.0.0,149.171.126.1,*,22,ssh,tcp,*,[1.3793243482539603]
23,59.166.0.0,149.171.126.1,*,25,smtp,tcp,*,[0]
24,59.166.0.0,149.171.126.1,*,5190,unknown,tcp,*,[0]
25,59.166.0.0,149.171.126.1,*,53,dns,udp,*,[1.2690226708834125]
26,59.166.0.0,149.171.126.1,*,6881,unknown,tcp,*,[0]
27,59.166.0.0,149.171.126.1,*,80,http,tcp,*,[0.3968404300076805]
28,59.166.0.0,149.171.126.2,*,111,unknown,udp,*,[0.07811546500271078]
29,59.166.0.0,149.171.126.2,*,143,unknown,tcp,*,[1.1346362693863485]
30,59.166.0.0,149.171.126.2,*,21,ftp,tcp,*,[0.2747211278973782]
31,59.166.0.0,149.171.126.2,*,22,ssh,tcp,*,[0.03826393658966891]
32,59.166.0.0,149.171.126.2,*,25,smtp,tcp,*,[0]
33,59.166.0.0,149.171.126.2,*,5190,unknown,tcp,*,[0.8589250033520304]
34,59.166.0.0,149.171.126.2,*,53,dns,udp,*,[0]
35,59.166.0.0,149.171.126.2,*,6881,unknown,tcp,*,[1.0958463947107209]
36,59.166.0.0,149.171.126.2,*,80,http,tcp,*,[0.6870254211258009]
37,59.166.0.0,149.171.126.3,*,111,unknown,udp,*,[1.5677403148460323]
38,59.166.0.0,149.171.126.3,*,143,unknown,tcp,*,[0]
39,59.166.0.0,149.171.126.3,*,21,ftp,tcp,*,[0.08421519210665206]
40,59.166.0.0,149.171.126.3,*,22,ssh,tcp,*,[0.47118823056593123]
41,59.166.0.0,149.171.126.3,*,25,smtp,tcp,*,[0.04120428217151631]
42,59.166.0.0,149.171.126.3,*,5190,unknown,tcp,*,[0]
43,59.166.0.0,149.171.126.3,*,53,dns,udp,*,[0.8706649707489091]
44,59.166.0.0,149.171.126.3,*,6881,unknown,tcp,*,[0.4516662769263972]
45,59.166.0.0,149.171.126.3,*,80,http,tcp,*,[1.0646134249033077]
46,59.166.0.0,149.171.126.4,*,111,unknown,udp,*,[0]
47,59.166.0.0,149.171.126.4,*,143,unknown,tcp,*,[0.4038898079357296]
48,59.166.0.0,149.171.126.4,*,21,ftp,tcp,*,[0.9820064469806474]
49,59.166.0.0,149.171.126.4,*,22,ssh,tcp,*,[3.790800145860548]
50,59.166.0.0,149.171.126.4,*,25,smtp,tcp,*,[0.06398566881509817]
51,59.166.0.0,149.171.126.4,*,5190,unknown,tcp,*,[0]
52,59.166.0.0,149.171.126.4,*,53,dns,udp,*,[0.02621108168294316]
53,59.166.0.0,149.171.126.4,*,6881,unknown,tcp,*,[0.12169755736419537]
54,59.166.0.0,149.171.126.4,*,80,http,tcp,*,[2.3220508079478654]
55,59.166.0.0,149.171.126.5,*,111,unknown,udp,*,[1.2444567354358613]
56,59.166.0.0,149.171.126.5,*,143,unknown,tcp,*,[1.9968855418425757]
57,59.166.0.0,149.171.126.5,*,21,ftp,tcp,*,[0.6115928396627265]
58,59.166.0.0,149.171.126.5,*,22,ssh,tcp,*,[0.1787968006002559]
59,59.166.0.0,149.171.126.5,*,25,smtp,tcp,*,[0]
60,59.166.0.0,149.171.126.5,*,5190,unknown,tcp,*,[0]
61,59.166.0.0,149.171.126.5,*,53,dns,udp,*,[0]
62,59.166.0.0,149.171.126.5,*,6881,unknown,tcp,*,[1.5314695778568717]
63,59.166.0.0,149.171.126.5,*,80,http,tcp,*,[0.6307422400574926]
64,59.166.0.0,149.171.126.6,*,111,unknown,udp,*,[0.7081114325781411]
65,59.166.0.0,149.171.126.6,*,143,unknown,tcp,*,[0]
66,59.166.0.0,149.171.126.6,*,21,ftp,tcp,*,[0]
67,59.166.0.0,149.171.126.6,*,22,ssh,tcp,*,[0]
68,59.166.0.0,149.171.126.6,*,25,smtp,tcp,*,[0]
69,59.166.0.0,149.171.126.6,*,5190,unknown,tcp,*,[0]
70,59.166.0.0,149.171.126.6,*,53,dns,udp,*,[0.013409838653121875]
71,59.166.0.0,149.171.126.6,*,6881,unknown,tcp,*,[0.8867667784340599]
72,59.166.0.0,149.171.126.6,*,80,http,tcp,*,[0]
73,59.166.0.0,149.171.126.7,*,111,unknown,udp,*,[0.1915652570442301]
74,59.166.0.0,149.171.126.7,*,143,unknown,tcp,*,[1.4466786985941091]
75,59.166.0.0,149.171.126.7,*,21,ftp,tcp,*,[0]
76,59.166.0.0,149.171.126.7,*,22,ssh,tcp,*,[0]
77,59.166.0.0,149.171.126.7,*,25,smtp,tcp,*,[0]
78,59.166.0.0,149.171.126.7,*,5190,unknown,tcp,*,[1.134289593168569]
79,59.166.0.0,149.171.126.7,*,53,dns,udp,*,[0]
80,59.166.0.0,149.171.126.7,*,6881,unknown,tcp,*,[1.3100864592126142]
81,59.166.0.0,149.171.126.7,*,80,http,tcp,*,[0]
82,59.166.0.0,149.171.126.8,*,111,unknown,udp,*,[0.8804710999221753]
83,59.166.0.0,149.171.126.8,*,143,unknown,tcp,*,[0.9441175904999113]
84,59.166.0.0,149.171.126.8,*,21,ftp,tcp,*,[0]
85,59.166.0.0,149.171.126.8,*,22,ssh,tcp,*,[0]
86,59.166.0.0,149.171.126.8,*,25,smtp,tcp,*,[0.44653065247664764]
87,59.166.0.0,149.171.126.8,*,5190,unknown,tcp,*,[0.3004208840630548]
88,59.166.0.0,149.171.126.8,*,53,dns,udp,*,[1.0738171907532084]
89,59.166.0.0,149.171.126.8,*,6881,unknown,tcp,*,[1.3470836732024472]
90,59.166.0.0,149.171.126.8,*,80,http,tcp,*,[0.5217491947499506]
91,59.166.0.0,149.171.126.9,*,111,unknown,udp,*,[0.6396763273389353]
92,59.166.0.0,149.171.126.9,*,143,unknown,tcp,*,[0]
93,59.166.0.0,149.171.126.9,*,21,ftp,tcp,*,[0.20628424925175876]
94,59.166.0.0,149.171.126.9,*,22,ssh,tcp,*,[0.02838664779018288]
95,59.166.0.0,149.171.126.9,*,25,smtp,tcp,*,[0.9150793638884733]
96,59.166.0.0,149.171.126.9,*,5190,unknown,tcp,*,[0]
97,59.166.0.0,149.171.126.9,*,53,dns,udp,*,[0]
98,59.166.0.0,149.171.126.9,*,6881,unknown,tcp,*,[0]
99,59.166.0.0,149.171.126.9,*,80,http,tcp,*,[2.389341343906405]
100,59.166.0.1,149.171.126.0,*,111,unknown,udp,*,[0.0661280792223753]
101,59.166.0.1,149.171.126.0,*,143,unknown,tcp,*,[0]
102,59.166.0.1,149.171.126.0,*,21,ftp,tcp,*,[0.30927685641354313]
103,59.166.0.1,149.171.126.0,*,22,ssh,tcp,*,[1.5808574636205182]
104,59.166.0.1,149.171.126.0,*,25,smtp,tcp,*,[1.7418467616245734]
105,59.166.0.1,149.171.126.0,*,5190,unknown,tcp,*,[0.061034923875430545]
106,59.166.0.1,149.171.126.0,*,53,dns,udp,*,[1.1708863276872163]
107,59.166.0.1,149.171.126.0,*,6881,unknown,tcp,*,[1.281574504687128]
108,59.166.0.1,149.171.126.0,*,80,http,tcp,*,[0]
109,59.166.0.1,149.171.126.1,*,111,unknown,udp,*,[0.6546536707079771]
110,59.166.0.1,149.171.126.1,*,143,unknown,tcp,*,[0]
111,59.166.0.1,149.171.126.1,*,21,ftp,tcp,*,[0.28490144114909477]
112,59.166.0.1,149.171.126.1,*,22,ssh,tcp,*,[0.28552280506885347]
113,59.166.0.1,149.171.126.1,*,25,smtp,tcp,*,[0]
114,59.166.0.1,149.171.126.1,*,5190,unknown,tcp,*,[0]
115,59.166.0.1,149.171.126.1,*,53,dns,udp,*,[1.4404107747917019]
116,59.166.0.1,149.171.126.1,*,6881,unknown,tcp,*,[1.4597324225982056]
117,59.166.0.1,149.171.126.1,*,80,http,tcp,*,[2.4735963798824567]
118,59.166.0.1,149.171.126.2,*,111,unknown,udp,*,[0]
119,59.166.0.1,149.171.126.2,*,143,unknown,tcp,*,[0.048168305085908636]
120,59.166.0.1,149.171.126.2,*,21,ftp,tcp,*,[0]
121,59.166.0.1,149.171.126.2,*,22,ssh,tcp,*,[0.6575358498774769]
122,59.166.0.1,149.171.126.2,*,25,smtp,tcp,*,[0.1498128508316767]
123,59.166.0.1,149.171.126.2,*,5190,unknown,tcp,*,[0.5627070367657581]
124,59.166.0.1,149.171.126.2,*,53,dns,udp,*,[0]
125,59.166.0.1,149.171.126.2,*,6881,unknown,tcp,*,[0.9866525698816435]
126,59.166.0.1,149.171.126.2,*,80,http,tcp,*,[0]
127,59.166.0.1,149.171.126.3,*,111,unknown,udp,*,[0.0]
128,59.166.0.1,149.171.126.3,*,143,unknown,tcp,*,[0]
129,59.166.0.1,149.171.126.3,*,21,ftp,tcp,*,[0]
130,59.166.0.1,149.171.126.3,*,22,ssh,tcp,*,[0.9962586720782499]
131,59.166.0.1,149.171.126.3,*,25,smtp,tcp,*,[0]
132,59.166.0.1,149.171.126.3,*,5190,unknown,tcp,*,[0]
133,59.166.0.1,149.171.126.3,*,53,dns,udp,*,[0]
134,59.166.0.1,149.171.126.3,*,6881,unknown,tcp,*,[0.24677553532039123]
135,59.166.0.1,149.171.126.3,*,80,http,tcp,*,[1.9466944745292285]
136,59.166.0.1,149.171.126.4,*,111,unknown,udp,*,[0.5570860145311556]
137,59.166.0.1,149.171.126.4,*,143,unknown,tcp,*,[0]
138,59.166.0.1,149.171.126.4,*,21,ftp,tcp,*,[0.3574739299857669]
139,59.166.0.1,149.171.126.4,*,22,ssh,tcp,*,[0]
140,59.166.0.1,149.171.126.4,*,25,smtp,tcp,*,[0]
141,59.166.0.1,149.171.126.4,*,5190,unknown,tcp,*,[0.10961761428628045]
142,59.166.0.1,149.171.126.4,*,53,dns,udp,*,[0]
143,59.166.0.1,149.171.126.4,*,6881,unknown,tcp,*,[0.38827031852980043]
144,59.166.0.1,149.171.126.4,*,80,http,tcp,*,[0.4868644955601479]
145,59.166.0.1,149.171.126.5,*,111,unknown,udp,*,[0.3683547343418785]
146,59.166.0.1,149.171.126.5,*,143,unknown,tcp,*,[0.8962581595302718]
147,59.166.0.1,149.171.126.5,*,21,ftp,tcp,*,[0.4713626237531505]
148,59.166.0.1,149.171.126.5,*,22,ssh,tcp,*,[1.616244071283537]
149,59.166.0.1,149.171.126.5,*,25,smtp,tcp,*,[0]
150,59.166.0.1,149.171.126.5,*,5190,unknown,tcp,*,[0.4569057743101285]
151,59.166.0.1,149.171.126.5,*,53,dns,udp,*,[0]
152,59.166.0.1,149.171.126.5,*,6881,unknown,tcp,*,[1.232155273669669]
153,59.166.0.1,149.171.126.5,*,80,http,tcp,*,[1.720529788345881]
154,59.166.0.1,149.171.126.6,*,111,unknown,udp,*,[0.8387411213360066]
155,59.166.0.1,149.171.126.6,*,143,unknown,tcp,*,[2.1494388421735895]
156,59.166.0.1,149.171.126.6,*,21,ftp,tcp,*,[1.188650988452611]
157,59.166.0.1,149.171.126.6,*,22,ssh,tcp,*,[1.0235933662036254]
158,59.166.0.1,149.171.126.6,*,25,smtp,tcp,*,[0.8525724964548891]
159,59.166.0.1,149.171.126.6,*,5190,unknown,tcp,*,[0]
160,59.166.0.1,149.171.126.6,*,53,dns,udp,*,[1.697475456347215]
161,59.166.0.1,149.171.126.6,*,6881,unknown,tcp,*,[0]
162,59.166.0.1,149.171.126.6,*,80,http,tcp,*,[0]
163,59.166.0.1,149.171.126.7,*,111,unknown,udp,*,[0]
164,59.166.0.1,149.171.126.7,*,143,unknown,tcp,*,[0.41412128302543416]
165,59.166.0.1,149.171.126.7,*,21,ftp,tcp,*,[0.23249527748763868]
166,59.166.0.1,149.171.126.7,*,22,ssh,tcp,*,[1.211068149786546]
167,59.166.0.1,149.171.126.7,*,25,smtp,tcp,*,[0.5183210553488161]
168,59.166.0.1,149.171.126.7,*,5190,unknown,tcp,*,[0.02156655464068761]
169,59.166.0.1,149.171.126.7,*,53,dns,udp,*,[0.04397729159182536]
170,59.166.0.1,149.171.126.7,*,6881,unknown,tcp,*,[0.8878116956803959]
171,59.166.0.1,149.171.126.7,*,80,http,tcp,*,[2.740061956686552]
172,59.166.0.1,149.171.126.8,*,111,unknown,udp,*,[0]
173,59.166.0.1,149.171.126.8,*,143,unknown,tcp,*,[0]
174,59.166.0.1,149.171.126.8,*,21,ftp,tcp,*,[0.2556896087358145]
175,59.166.0.1,149.171.126.8,*,22,ssh,tcp,*,[0]
176,59.166.0.1,149.171.126.8,*,25,smtp,tcp,*,[0.7882634225314343]
177,59.166.0.1,149.171.126.8,*,5190,unknown,tcp,*,[0.42071755868835725]
178,59.166.0.1,149.171.126.8,*,53,dns,udp,*,[0]
179,59.166.0.1,149.171.126.8,*,6881,unknown,tcp,*,[0]
180,59.166.0.1,149.171.126.8,*,80,http,tcp,*,[0]
181,59.166.0.1,149.171.126.9,*,111,unknown,udp,*,[0]
182,59.166.0.1,149.171.126.9,*,143,unknown,tcp,*,[0]
183,59.166.0.1,149.171.126.9,*,21,ftp,tcp,*,[0]
184,59.166.0.1,149.171.126.9,*,22,ssh,tcp,*,[1.3809533595194508]
185,59.166.0.1,149.171.126.9,*,25,smtp,tcp,*,[0]
186,59.166.0.1,149.171.126.9,*,5190,unknown,tcp,*,[0]
187,59.166.0.1,149.171.126.9,*,53,dns,udp,*,[0.32391153585859983]
188,59.166.0.1,149.171.126.9,*,6881,unknown,tcp,*,[1.407997208928653]
189,59.166.0.1,149.171.126.9,*,80,http,tcp,*,[0]
190,59.166.0.2,149.171.126.0,*,111,unknown,udp,*,[0]
191,59.166.0.2,149.171.126.0,*,143,unknown,tcp,*,[0]
192,59.166.0.2,149.171.126.0,*,21,ftp,tcp,*,[0]
193,59.166.0.2,149.171.126.0,*,22,ssh,tcp,*,[0.9381513836374652]
194,59.166.0.2,149.171.126.0,*,25,smtp,tcp,*,[0.15655290166214525]
195,59.166.0.2,149.171.126.0,*,5190,unknown,tcp,*,[0]
196,59.166.0.2,149.171.126.0,*,53,dns,udp,*,[0]
197,59.166.0.2,149.171.126.0,*,6881,unknown,tcp,*,[0.34809020572814087]
198,59.166.0.2,149.171.126.0,*,80,http,tcp,*,[0.3156119372609888]
199,59.166.0.2,149.171.126.1,*,111,unknown,udp,*,[0]
200,59.166.0.2,149.171.126.1,*,143,unknown,tcp,*,[0.350162093503525]
201,59.166.0.2,149.171.126.1,*,21,ftp,tcp,*,[0]
202,59.166.0.2,149.171.126.1,*,22,ssh,tcp,*,[0]
203,59.166.0.2,149.171.126.1,*,25,smtp,tcp,*,[0.9516619028617729]
204,59.166.0.2,149.171.126.1,*,5190,unknown,tcp,*,[0.13681179021952855]
205,59.166.0.2,149.171.126.1,*,53,dns,udp,*,[1.0553610796291162]
206,59.166.0.2,149.171.126.1,*,6881,unknown,tcp,*,[2.151183476457627]
207,59.166.0.2,149.171.126.1,*,80,http,tcp,*,[0]
208,59.166.0.2,149.171.126.2,*,111,unknown,udp,*,[2.3306275059022026]
209,59.166.0.2,149.171.126.2,*,143,unknown,tcp,*,[0.9148908768020895]
210,59.166.0.2,149.171.126.2,*,21,ftp,tcp,*,[0.46257302031856296]
211,59.166.0.2,149.171.126.2,*,22,ssh,tcp,*,[1.0302147164932496]
212,59.166.0.2,149.171.126.2,*,25,smtp,tcp,*,[2.2416326513328615]
213,59.166.0.2,149.171.126.2,*,5190,unknown,tcp,*,[0]
214,59.166.0.2,149.171.126.2,*,53,dns,udp,*,[0.8819528167864188]
215,59.166.0.2,149.171.126.2,*,6881,unknown,tcp,*,[0]
216,59.166.0.2,149.171.126.2,*,80,http,tcp,*,[1.237968921180346]
217,59.166.0.2,149.171.126.3,*,111,unknown,udp,*,[1.3963885326263539]
218,59.166.0.2,149.171.126.3,*,143,unknown,tcp,*,[0]
219,59.166.0.2,149.171.126.3,*,21,ftp,tcp,*,[0]
220,59.166.0.2,149.171.126.3,*,22,ssh,tcp,*,[0]
221,59.166.0.2,149.171.126.3,*,25,smtp,tcp,*,[0]
222,59.166.0.2,149.171.126.3,*,5190,unknown,tcp,*,[0.1270001270001904]
223,59.166.0.2,149.171.126.3,*,53,dns,udp,*,[0]
224,59.166.0.2,149.171.126.3,*,6881,unknown,tcp,*,[0.06008417681261097]
225,59.166.0.2,149.171.126.3,*,80,http,tcp,*,[1.3171097607166327]
226,59.166.0.2,149.171.126.4,*,111,unknown,udp,*,[0.31038295639070496]
227,59.166.0.2,149.171.126.4,*,143,unknown,tcp,*,[0.24806946917841705]
228,59.166.0.2,149.171.126.4,*,21,ftp,tcp,*,[0]
229,59.166.0.2,149.171.126.4,*,22,ssh,tcp,*,[1.2499912982641777]
230,59.166.0.2,149.171.126.4,*,25,smtp,tcp,*,[0]
231,59.166.0.2,149.171.126.4,*,5190,unknown,tcp,*,[0]
232,59.166.0.2,149.171.126.4,*,53,dns,udp,*,[0.7194014606174094]
233,59.166.0.2,149.171.126.4,*,6881,unknown,tcp,*,[0.7644130633754201]
234,59.166.0.2,149.171.126.4,*,80,http,tcp,*,[1.8399003226059683]
235,59.166.0.2,149.171.126.5,*,111,unknown,udp,*,[0.11298653657320641]
236,59.166.0.2,149.171.126.5,*,143,unknown,tcp,*,[0]
237,59.166.0.2,149.171.126.5,*,21,ftp,tcp,*,[0.799637937686302]
238,59.166.0.2,149.171.126.5,*,22,ssh,tcp,*,[0.6664823124684554]
239,59.166.0.2,149.171.126.5,*,25,smtp,tcp,*,[0]
240,59.166.0.2,149.171.126.5,*,5190,unknown,tcp,*,[0]
241,59.166.0.2,149.171.126.5,*,53,dns,udp,*,[1.790348914430308]
242,59.166.0.2,149.171.126.5,*,6881,unknown,tcp,*,[0.9144866805049781]
243,59.166.0.2,149.171.126.5,*,80,http,tcp,*,[1.1199102634290743]
244,59.166.0.2,149.171.126.6,*,111,unknown,udp,*,[0.09470274476207534]
245,59.166.0.2,149.171.126.6,*,143,unknown,tcp,*,[1.7409182360017563]
246,59.166.0.2,149.171.126.6,*,21,ftp,tcp,*,[0.29816200066879683]
247,59.166.0.2,149.171.126.6,*,22,ssh,tcp,*,[0.6221710168382552]
248,59.166.0.2,149.171.126.6,*,25,smtp,tcp,*,[0]
249,59.166.0.2,149.171.126.6,*,5190,unknown,tcp,*,[1.781597336332178]
250,59.166.0.2,149.171.126.6,*,53,dns,udp,*,[2.774915524599291]
251,59.166.0.2,149.171.126.6,*,6881,unknown,tcp,*,[0.9009887608648621]
252,59.166.0.2,149.171.126.6,*,80,http,tcp,*,[0.7778444682625973]
253,59.166.0.2,149.171.126.7,*,111,unknown,udp,*,[1.0857934280612735]
254,59.166.0.2,149.171.126.7,*,143,unknown,tcp,*,[1.6912457666528053]
255,59.166.0.2,149.171.126.7,*,21,ftp,tcp,*,[0]
256,59.166.0.2,149.171.126.7,*,22,ssh,tcp,*,[0.6467675216913075]
257,59.166.0.2,149.171.126.7,*,25,smtp,tcp,*,[0.5712405705774791]
258,59.166.0.2,149.171.126.7,*,5190,unknown,tcp,*,[0]
259,59.166.0.2,149.171.126.7,*,53,dns,udp,*,[0]
260,59.166.0.2,149.171.126.7,*,6881,unknown,tcp,*,[0]
261,59.166.0.2,149.171.126.7,*,80,http,tcp,*,[0.10280093240868507]
262,59.166.0.2,149.171.126.8,*,111,unknown,udp,*,[0]
263,59.166.0.2,149.171.126.8,*,143,unknown,tcp,*,[0.4816830508590879]
264,59.166.0.2,149.171.126.8,*,21,ftp,tcp,*,[0.370529569022757]
265,59.166.0.2,149.171.126.8,*,22,ssh,tcp,*,[1.1407588695596835]
266,59.166.0.2,149.171.126.8,*,25,smtp,tcp,*,[0]
267,59.166.0.2,149.171.126.8,*,5190,unknown,tcp,*,[0]
268,59.166.0.2,149.171.126.8,*,53,dns,udp,*,[0]
269,59.166.0.2,149.171.126.8,*,6881,unknown,tcp,*,[0]
270,59.166.0.2,149.171.126.8,*,80,http,tcp,*,[1.0705279655832145]
271,59.166.0.2,149.171.126.9,*,111,unknown,udp,*,[1.550936944367954]
272,59.166.0.2,149.171.126.9,*,143,unknown,tcp,*,[0.5487088378464403]
273,59.166.0.2,149.171.126.9,*,21,ftp,tcp,*,[0]
274,59.166.0.2,149.171.126.9,*,22,ssh,tcp,*,[1.2742087810941234]
275,59.166.0.2,149.171.126.9,*,25,smtp,tcp,*,[0.38663389524819936]
276,59.166.0.2,149.171.126.9,*,5190,unknown,tcp,*,[0]
277,59.166.0.2,149.171.126.9,*,53,dns,udp,*,[0]
278,59.166.0.2,149.171.126.9,*,6881,unknown,tcp,*,[1.147144179136163]
279,59.166.0.2,149.171.126.9,*,80,http,tcp,*,[0]
280,59.166.0.3,149.171.126.0,*,111,unknown,udp,*,[2.2989878317208685]
281,59.166.0.3,149.171.126.0,*,143,unknown,tcp,*,[0]
282,59.166.0.3,149.171.126.0,*,21,ftp,tcp,*,[3.671060328818342]
283,59.166.0.3,149.171.126.0,*,22,ssh,tcp,*,[0.9047619047619049]
284,59.166.0.3,149.171.126.0,*,25,smtp,tcp,*,[2.905487990874559]
285,59.166.0.3,149.171.126.0,*,5190,unknown,tcp,*,[0]
286,59.166.0.3,149.171.126.0,*,53,dns,udp,*,[1.632486633575221]
287,59.166.0.3,149.171.126.0,*,6881,unknown,tcp,*,[0.0]
288,59.166.0.3,149.171.126.0,*,80,http,tcp,*,[0]
289,59.166.0.3,149.171.126.1,*,111,unknown,udp,*,[0.9150793638884733]
290,59.166.0.3,149.171.126.1,*,143,unknown,tcp,*,[1.221694443563052]
291,59.166.0.3,149.171.126.1,*,21,ftp,tcp,*,[0.47989623025755407]
292,59.166.0.3,149.171.126.1,*,22,ssh,tcp,*,[0.9649012813540154]
293,59.166.0.3,149.171.126.1,*,25,smtp,tcp,*,[1.5396007178390023]
294,59.166.0.3,149.171.126.1,*,5190,unknown,tcp,*,[0]
295,59.166.0.3,149.171.126.1,*,53,dns,udp,*,[0.7490264973923577]
296,59.166.0.3,149.171.126.1,*,6881,unknown,tcp,*,[0]
297,59.166.0.3,149.171.126.1,*,80,http,tcp,*,[2.8203166616001365]
298,59.166.0.3,149.171.126.2,*,111,unknown,udp,*,[0.2815819264211811]
299,59.166.0.3,149.171.126.2,*,143,unknown,tcp,*,[0]
300,59.166.0.3,149.171.126.2,*,21,ftp,tcp,*,[1.1282342060163104]
301,59.166.0.3,149.171.126.2,*,22,ssh,tcp,*,[1.2287694359604038]
302,59.166.0.3,149.171.126.2,*,25,smtp,tcp,*,[0.21993447826234344]
303,59.166.0.3,149.171.126.2,*,5190,unknown,tcp,*,[0.23513847492292386]
304,59.166.0.3,149.171.126.2,*,53,dns,udp,*,[0]
305,59.166.0.3,149.171.126.2,*,6881,unknown,tcp,*,[0.003249614841916143]
306,59.166.0.3,149.171.126.2,*,80,http,tcp,*,[0]
307,59.166.0.3,149.171.126.3,*,111,unknown,udp,*,[0.20343336780168395]
308,59.166.0.3,149.171.126.3,*,143,unknown,tcp,*,[0.07516460280028302]
309,59.166.0.3,149.171.126.3,*,21,ftp,tcp,*,[0]
310,59.166.0.3,149.171.126.3,*,22,ssh,tcp,*,[0.8107437128554187]
311,59.166.0.3,149.171.126.3,*,25,smtp,tcp,*,[0.361107321733173]
312,59.166.0.3,149.171.126.3,*,5190,unknown,tcp,*,[0]
313,59.166.0.3,149.171.126.3,*,53,dns,udp,*,[0.417305347455498]
314,59.166.0.3,149.171.126.3,*,6881,unknown,tcp,*,[0]
315,59.166.0.3,149.171.126.3,*,80,http,tcp,*,[1.0766555296617522]
316,59.166.0.3,149.171.126.4,*,111,unknown,udp,*,[0]
317,59.166.0.3,149.171.126.4,*,143,unknown,tcp,*,[0]
318,59.166.0.3,149.171.126.4,*,21,ftp,tcp,*,[0]
319,59.166.0.3,149.171.126.4,*,22,ssh,tcp,*,[0.412280879407004]
320,59.166.0.3,149.171.126.4,*,25,smtp,tcp,*,[0]
321,59.166.0.3,149.171.126.4,*,5190,unknown,tcp,*,[0]
322,59.166.0.3,149.171.126.4,*,53,dns,udp,*,[2.236389228557765]
323,59.166.0.3,149.171.126.4,*,6881,unknown,tcp,*,[0.3684879540692054]
324,59.166.0.3,149.171.126.4,*,80,http,tcp,*,[0.45316348358748315]
325,59.166.0.3,149.171.126.5,*,111,unknown,udp,*,[0.4950737714883369]
326,59.166.0.3,149.171.126.5,*,143,unknown,tcp,*,[0]
327,59.166.0.3,149.171.126.5,*,21,ftp,tcp,*,[2.163100390160226]
328,59.166.0.3,149.171.126.5,*,22,ssh,tcp,*,[1.0376458639949773]
329,59.166.0.3,149.171.126.5,*,25,smtp,tcp,*,[0.5653255770683473]
330,59.166.0.3,149.171.126.5,*,5190,unknown,tcp,*,[0]
331,59.166.0.3,149.171.126.5,*,53,dns,udp,*,[1.2570271302008271]
332,59.166.0.3,149.171.126.5,*,6881,unknown,tcp,*,[0.17212999106817486]
333,59.166.0.3,149.171.126.5,*,80,http,tcp,*,[2.139834627996023]
334,59.166.0.3,149.171.126.6,*,111,unknown,udp,*,[0.67161876195993]
335,59.166.0.3,149.171.126.6,*,143,unknown,tcp,*,[0]
336,59.166.0.3,149.171.126.6,*,21,ftp,tcp,*,[0]
337,59.166.0.3,149.171.126.6,*,22,ssh,tcp,*,[1.1457483151851413]
338,59.166.0.3,149.171.126.6,*,25,smtp,tcp,*,[0.10259783520851558]
339,59.166.0.3,149.171.126.6,*,5190,unknown,tcp,*,[0.6795566296331924]
340,59.166.0.3,149.171.126.6,*,53,dns,udp,*,[1.7944190082138771]
341,59.166.0.3,149.171.126.6,*,6881,unknown,tcp,*,[0]
342,59.166.0.3,149.171.126.6,*,80,http,tcp,*,[1.6395237959578266]
343,59.166.0.3,149.171.126.7,*,111,unknown,udp,*,[0]
344,59.166.0.3,149.171.126.7,*,143,unknown,tcp,*,[1.0046283151539985]
345,59.166.0.3,149.171.126.7,*,21,ftp,tcp,*,[1.0329259166179365]
346,59.166.0.3,149.171.126.7,*,22,ssh,tcp,*,[0.6897007348075543]
347,59.166.0.3,149.171.126.7,*,25,smtp,tcp,*,[1.2823886103460236]
348,59.166.0.3,149.171.126.7,*,5190,unknown,tcp,*,[0.8559254798378829]
349,59.166.0.3,149.171.126.7,*,53,dns,udp,*,[0.2313259727864962]
350,59.166.0.3,149.171.126.7,*,6881,unknown,tcp,*,[0.2229882438741499]
351,59.166.0.3,149.171.126.7,*,80,http,tcp,*,[0.15929674551946038]
352,59.166.0.3,149.171.126.8,*,111,unknown,udp,*,[0]
353,59.166.0.3,149.171.126.8,*,143,unknown,tcp,*,[0]
354,59.166.0.3,149.171.126.8,*,21,ftp,tcp,*,[0.5150262026246047]
355,59.166.0.3,149.171.126.8,*,22,ssh,tcp,*,[0]
356,59.166.0.3,149.171.126.8,*,25,smtp,tcp,*,[0.133854896282051]
357,59.166.0.3,149.171.126.8,*,5190,unknown,tcp,*,[0]
358,59.166.0.3,149.171.126.8,*,53,dns,udp,*,[1.1161894717242355]
359,59.166.0.3,149.171.126.8,*,6881,unknown,tcp,*,[0]
360,59.166.0.3,149.171.126.8,*,80,http,tcp,*,[0.6985354731356996]
361,59.166.0.3,149.171.126.9,*,111,unknown,udp,*,[0.49568505050954825]
362,59.166.0.3,149.171.126.9,*,143,unknown,tcp,*,[0.15272070966424256]
363,59.166.0.3,149.171.126.9,*,21,ftp,tcp,*,[0]
364,59.166.0.3,149.171.126.9,*,22,ssh,tcp,*,[1.4511426745719305]
365,59.166.0.3,149.171.126.9,*,25,smtp,tcp,*,[0.4304632641071575]
366,59.166.0.3,149.171.126.9,*,5190,unknown,tcp,*,[0.9433724815277448]
367,59.166.0.3,149.171.126.9,*,53,dns,udp,*,[0]
368,59.166.0.3,149.171.126.9,*,6881,unknown,tcp,*,[0.601929265428846]
369,59.166.0.3,149.171.126.9,*,80,http,tcp,*,[1.8079949937056916]
370,59.166.0.4,149.171.126.0,*,111,unknown,udp,*,[0]
371,59.166.0.4,149.171.126.0,*,21,ftp,tcp,*,[0.7085804335967913]
372,59.166.0.4,149.171.126.0,*,22,ssh,tcp,*,[0]
373,59.166.0.4,149.171.126.0,*,25,smtp,tcp,*,[0]
374,59.166.0.4,149.171.126.0,*,5190,unknown,tcp,*,[0.5421934085366865]
375,59.166.0.4,149.171.126.0,*,53,dns,udp,*,[0]
376,59.166.0.4,149.171.126.0,*,6881,unknown,tcp,*,[2.1984880774792495]
377,59.166.0.4,149.171.126.0,*,80,http,tcp,*,[1.2044326028204493]
378,59.166.0.4,149.171.126.1,*,111,unknown,udp,*,[0]
379,59.166.0.4,149.171.126.1,*,143,unknown,tcp,*,[0.04499212706658459]
380,59.166.0.4,149.171.126.1,*,21,ftp,tcp,*,[0]
381,59.166.0.4,149.171.126.1,*,22,ssh,tcp,*,[0.9888917922321867]
382,59.166.0.4,149.171.126.1,*,25,smtp,tcp,*,[0.3812005292600846]
383,59.166.0.4,149.171.126.1,*,5190,unknown,tcp,*,[0]
384,59.166.0.4,149.171.126.1,*,53,dns,udp,*,[0.44665595579100875]
385,59.166.0.4,149.171.126.1,*,6881,unknown,tcp,*,[0]
386,59.166.0.4,149.171.126.1,*,80,http,tcp,*,[0]
387,59.166.0.4,149.171.126.2,*,111,unknown,udp,*,[0.029947637411773885]
388,59.166.0.4,149.171.126.2,*,143,unknown,tcp,*,[0.8638684255813601]
389,59.166.0.4,149.171.126.2,*,21,ftp,tcp,*,[0]
390,59.166.0.4,149.171.126.2,*,22,ssh,tcp,*,[1.2520950185524544]
391,59.166.0.4,149.171.126.2,*,25,smtp,tcp,*,[0.48878893816804675]
392,59.166.0.4,149.171.126.2,*,5190,unknown,tcp,*,[0]
393,59.166.0.4,149.171.126.2,*,53,dns,udp,*,[2.062912036971458]
394,59.166.0.4,149.171.126.2,*,6881,unknown,tcp,*,[1.9847812119207437]
395,59.166.0.4,149.171.126.2,*,80,http,tcp,*,[0.4085297439895138]
396,59.166.0.4,149.171.126.3,*,111,unknown,udp,*,[0]
397,59.166.0.4,149.171.126.3,*,143,unknown,tcp,*,[0]
398,59.166.0.4,149.171.126.3,*,21,ftp,tcp,*,[0.7594681091880819]
399,59.166.0.4,149.171.126.3,*,22,ssh,tcp,*,[0.07098807358573]
400,59.166.0.4,149.171.126.3,*,25,smtp,tcp,*,[0.6014344909412723]
401,59.166.0.4,149.171.126.3,*,5190,unknown,tcp,*,[0]
402,59.166.0.4,149.171.126.3,*,53,dns,udp,*,[0]
403,59.166.0.4,149.171.126.3,*,6881,unknown,tcp,*,[2.057983021710106]
404,59.166.0.4,149.171.126.3,*,80,http,tcp,*,[1.443018251362222]
405,59.166.0.4,149.171.126.4,*,111,unknown,udp,*,[0]
406,59.166.0.4,149.171.126.4,*,143,unknown,tcp,*,[0.6426268616206846]
407,59.166.0.4,149.171.126.4,*,21,ftp,tcp,*,[0.03070027799227573]
408,59.166.0.4,149.171.126.4,*,22,ssh,tcp,*,[1.2173019543984986]
409,59.166.0.4,149.171.126.4,*,25,smtp,tcp,*,[0.4457343844061586]
410,59.166.0.4,149.171.126.4,*,5190,unknown,tcp,*,[0.5817220373604787]
411,59.166.0.4,149.171.126.4,*,53,dns,udp,*,[0]
412,59.166.0.4,149.171.126.4,*,6881,unknown,tcp,*,[0.8138744568048693]
413,59.166.0.4,149.171.126.4,*,80,http,tcp,*,[0]
414,59.166.0.4,149.171.126.5,*,111,unknown,udp,*,[0.1005037815259214]
415,59.166.0.4,149.171.126.5,*,143,unknown,tcp,*,[0.03987261114144486]
416,59.166.0.4,149.171.126.5,*,21,ftp,tcp,*,[0.3632612873492]
417,59.166.0.4,149.171.126.5,*,22,ssh,tcp,*,[0.46776758111881844]
418,59.166.0.4,149.171.126.5,*,25,smtp,tcp,*,[0]
419,59.166.0.4,149.171.126.5,*,5190,unknown,tcp,*,[0]
420,59.166.0.4,149.171.126.5,*,53,dns,udp,*,[0.279392280117716]
421,59.166.0.4,149.171.126.5,*,6881,unknown,tcp,*,[3.1615621317826683]
422,59.166.0.4,149.171.126.5,*,80,http,tcp,*,[1.6079612958461407]
423,59.166.0.4,149.171.126.6,*,111,unknown,udp,*,[0]
424,59.166.0.4,149.171.126.6,*,143,unknown,tcp,*,[0]
425,59.166.0.4,149.171.126.6,*,21,ftp,tcp,*,[0]
426,59.166.0.4,149.171.126.6,*,22,ssh,tcp,*,[0.23284515771189987]
427,59.166.0.4,149.171.126.6,*,25,smtp,tcp,*,[0.2225231546401649]
428,59.166.0.4,149.171.126.6,*,5190,unknown,tcp,*,[0]
429,59.166.0.4,149.171.126.6,*,53,dns,udp,*,[0]
430,59.166.0.4,149.171.126.6,*,6881,unknown,tcp,*,[2.0085272759367294]
431,59.166.0.4,149.171.126.6,*,80,http,tcp,*,[1.5920595043359822]
432,59.166.0.4,149.171.126.7,*,111,unknown,udp,*,[1.2791728522137689]
433,59.166.0.4,149.171.126.7,*,143,unknown,tcp,*,[1.7905573967347295]
434,59.166.0.4,149.171.126.7,*,21,ftp,tcp,*,[0]
435,59.166.0.4,149.171.126.7,*,22,ssh,tcp,*,[0]
436,59.166.0.4,149.171.126.7,*,25,smtp,tcp,*,[0]
437,59.166.0.4,149.171.126.7,*,5190,unknown,tcp,*,[0.8718370251852295]
438,59.166.0.4,149.171.126.7,*,53,dns,udp,*,[0]
439,59.166.0.4,149.171.126.7,*,6881,unknown,tcp,*,[1.2163820027401078]
440,59.166.0.4,149.171.126.7,*,80,http,tcp,*,[0]
441,59.166.0.4,149.171.126.8,*,111,unknown,udp,*,[0.3152641443777313]
442,59.166.0.4,149.171.126.8,*,143,unknown,tcp,*,[0]
443,59.166.0.4,149.171.126.8,*,21,ftp,tcp,*,[0]
444,59.166.0.4,149.171.126.8,*,22,ssh,tcp,*,[0.5626893294421706]
445,59.166.0.4,149.171.126.8,*,25,smtp,tcp,*,[0]
446,59.166.0.4,149.171.126.8,*,5190,unknown,tcp,*,[1.6887204178744903]
447,59.166.0.4,149.171.126.8,*,53,dns,udp,*,[0.03644589813383094]
448,59.166.0.4,149.171.126.8,*,6881,unknown,tcp,*,[0]
449,59.166.0.4,149.171.126.8,*,80,http,tcp,*,[0.15633216655637872]
450,59.166.0.4,149.171.126.9,*,111,unknown,udp,*,[0]
451,59.166.0.4,149.171.126.9,*,143,unknown,tcp,*,[0]
452,59.166.0.4,149.171.126.9,*,21,ftp,tcp,*,[0.3118914307759026]
453,59.166.0.4,149.171.126.9,*,22,ssh,tcp,*,[1.0829160711452475]
454,59.166.0.4,149.171.126.9,*,25,smtp,tcp,*,[0]
455,59.166.0.4,149.171.126.9,*,5190,unknown,tcp,*,[0.5482785684325295]
456,59.166.0.4,149.171.126.9,*,53,dns,udp,*,[0]
457,59.166.0.4,149.171.126.9,*,6881,unknown,tcp,*,[0.6542072540157465]
458,59.166.0.4,149.171.126.9,*,80,http,tcp,*,[1.0316104805042636]
459,59.166.0.5,149.171.126.0,*,111,unknown,udp,*,[0]
460,59.166.0.5,149.171.126.0,*,143,unknown,tcp,*,[0]
461,59.166.0.5,149.171.126.0,*,21,ftp,tcp,*,[0]
462,59.166.0.5,149.171.126.0,*,22,ssh,tcp,*,[0]
463,59.166.0.5,149.171.126.0,*,25,smtp,tcp,*,[0]
464,59.166.0.5,149.171.126.0,*,5190,unknown,tcp,*,[0]
465,59.166.0.5,149.171.126.0,*,53,dns,udp,*,[2.477689925802067]
466,59.166.0.5,149.171.126.0,*,6881,unknown,tcp,*,[0.1261927172421327]
467,59.166.0.5,149.171.126.0,*,80,http,tcp,*,[2.48282888646976]
468,59.166.0.5,149.171.126.1,*,111,unknown,udp,*,[0]
469,59.166.0.5,149.171.126.1,*,143,unknown,tcp,*,[0]
470,59.166.0.5,149.171.126.1,*,21,ftp,tcp,*,[0.49193495504995377]
471,59.166.0.5,149.171.126.1,*,22,ssh,tcp,*,[1.4992223531363307]
472,59.166.0.5,149.171.126.1,*,25,smtp,tcp,*,[0]
473,59.166.0.5,149.171.126.1,*,5190,unknown,tcp,*,[0.18053953616852966]
474,59.166.0.5,149.171.126.1,*,53,dns,udp,*,[0.7970533969860858]
475,59.166.0.5,149.171.126.1,*,6881,unknown,tcp,*,[2.0669812644639256]
476,59.166.0.5,149.171.126.1,*,80,http,tcp,*,[0.47220455989608817]
477,59.166.0.5,149.171.126.2,*,111,unknown,udp,*,[0.8944271909999159]
478,59.166.0.5,149.171.126.2,*,143,unknown,tcp,*,[0.4889012070387048]
479,59.166.0.5,149.171.126.2,*,21,ftp,tcp,*,[1.2339007646564035]
480,59.166.0.5,149.171.126.2,*,22,ssh,tcp,*,[0.9491579957524988]
481,59.166.0.5,149.171.126.2,*,25,smtp,tcp,*,[0]
482,59.166.0.5,149.171.126.2,*,5190,unknown,tcp,*,[0]
483,59.166.0.5,149.171.126.2,*,53,dns,udp,*,[1.2815364865751415]
484,59.166.0.5,149.171.126.2,*,6881,unknown,tcp,*,[0]
485,59.166.0.5,149.171.126.2,*,80,http,tcp,*,[0.6077309190970337]
486,59.166.0.5,149.171.126.3,*,111,unknown,udp,*,[0]
487,59.166.0.5,149.171.126.3,*,143,unknown,tcp,*,[0.2572478777137633]
488,59.166.0.5,149.171.126.3,*,21,ftp,tcp,*,[0.2791302838990576]
489,59.166.0.5,149.171.126.3,*,22,ssh,tcp,*,[0.9029286438160159]
490,59.166.0.5,149.171.126.3,*,25,smtp,tcp,*,[1.7457431218879391]
491,59.166.0.5,149.171.126.3,*,5190,unknown,tcp,*,[0.07989014668531477]
492,59.166.0.5,149.171.126.3,*,53,dns,udp,*,[0.9707031338112762]
493,59.166.0.5,149.171.126.3,*,6881,unknown,tcp,*,[0.1471512751686962]
494,59.166.0.5,149.171.126.3,*,80,http,tcp,*,[0.43853252208646154]
495,59.166.0.5,149.171.126.4,*,111,unknown,udp,*,[0.8050558373533679]
496,59.166.0.5,149.171.126.4,*,143,unknown,tcp,*,[1.4476847037429728]
497,59.166.0.5,149.171.126.4,*,21,ftp,tcp,*,[1.300228896774437]
498,59.166.0.5,149.171.126.4,*,22,ssh,tcp,*,[0.40838124871212467]
499,59.166.0.5,149.171.126.4,*,25,smtp,tcp,*,[1.4577379737113247]
500,59.166.0.5,149.171.126.4,*,5190,unknown,tcp,*,[0]
501,59.166.0.5,149.171.126.4,*,53,dns,udp,*,[0.986029581331167]
502,59.166.0.5,149.171.126.4,*,6881,unknown,tcp,*,[0.9121034881575905]
503,59.166.0.5,149.171.126.4,*,80,http,tcp,*,[1.8457043241054165]
504,59.166.0.5,149.171.126.5,*,111,unknown,udp,*,[0]
505,59.166.0.5,149.171.126.5,*,143,unknown,tcp,*,[0]
506,59.166.0.5,149.171.126.5,*,21,ftp,tcp,*,[0.6338892456325623]
507,59.166.0.5,149.171.126.5,*,22,ssh,tcp,*,[1.4367986093751757]
508,59.166.0.5,149.171.126.5,*,25,smtp,tcp,*,[1.6666666666666667]
509,59.166.0.5,149.171.126.5,*,5190,unknown,tcp,*,[0]
510,59.166.0.5,149.171.126.5,*,53,dns,udp,*,[0]
511,59.166.0.5,149.171.126.5,*,6881,unknown,tcp,*,[0.9706239206530759]
512,59.166.0.5,149.171.126.5,*,80,http,tcp,*,[0]
513,59.166.0.5,149.171.126.6,*,111,unknown,udp,*,[0]
514,59.166.0.5,149.171.126.6,*,143,unknown,tcp,*,[1.480872194397731]
515,59.166.0.5,149.171.126.6,*,21,ftp,tcp,*,[0]
516,59.166.0.5,149.171.126.6,*,22,ssh,tcp,*,[0.3883998571417038]
517,59.166.0.5,149.171.126.6,*,25,smtp,tcp,*,[0.35759926992607566]
518,59.166.0.5,149.171.126.6,*,5190,unknown,tcp,*,[0]
519,59.166.0.5,149.171.126.6,*,53,dns,udp,*,[0.5999905893793301]
520,59.166.0.5,149.171.126.6,*,6881,unknown,tcp,*,[0.5914007348846071]
521,59.166.0.5,149.171.126.6,*,80,http,tcp,*,[0.6739537592017247]
522,59.166.0.5,149.171.126.7,*,111,unknown,udp,*,[0]
523,59.166.0.5,149.171.126.7,*,143,unknown,tcp,*,[0.3102695450245553]
524,59.166.0.5,149.171.126.7,*,21,ftp,tcp,*,[0]
525,59.166.0.5,149.171.126.7,*,22,ssh,tcp,*,[0.5275173857986404]
526,59.166.0.5,149.171.126.7,*,25,smtp,tcp,*,[0.061227677492262475]
527,59.166.0.5,149.171.126.7,*,5190,unknown,tcp,*,[0]
528,59.166.0.5,149.171.126.7,*,53,dns,udp,*,[0]
529,59.166.0.5,149.171.126.7,*,6881,unknown,tcp,*,[1.909634521811328]
530,59.166.0.5,149.171.126.7,*,80,http,tcp,*,[1.4589254525405089]
531,59.166.0.5,149.171.126.8,*,111,unknown,udp,*,[2.1351180354603563]
532,59.166.0.5,149.171.126.8,*,143,unknown,tcp,*,[0]
533,59.166.0.5,149.171.126.8,*,21,ftp,tcp,*,[0.19888932104393242]
534,59.166.0.5,149.171.126.8,*,22,ssh,tcp,*,[1.6180578285461715]
535,59.166.0.5,149.171.126.8,*,25,smtp,tcp,*,[0.1624591083221647]
536,59.166.0.5,149.171.126.8,*,5190,unknown,tcp,*,[0]
537,59.166.0.5,149.171.126.8,*,53,dns,udp,*,[3.2040409351227708]
538,59.166.0.5,149.171.126.8,*,6881,unknown,tcp,*,[0.5704307778561203]
539,59.166.0.5,149.171.126.8,*,80,http,tcp,*,[0.9316142209946913]
540,59.166.0.5,149.171.126.9,*,111,unknown,udp,*,[0.7730206825239261]
541,59.166.0.5,149.171.126.9,*,143,unknown,tcp,*,[0]
542,59.166.0.5,149.171.126.9,*,21,ftp,tcp,*,[0]
543,59.166.0.5,149.171.126.9,*,22,ssh,tcp,*,[1.201850425154663]
544,59.166.0.5,149.171.126.9,*,25,smtp,tcp,*,[0.6340294594746586]
545,59.166.0.5,149.171.126.9,*,5190,unknown,tcp,*,[0]
546,59.166.0.5,149.171.126.9,*,53,dns,udp,*,[1.560028686741672]
547,59.166.0.5,149.171.126.9,*,6881,unknown,tcp,*,[2.259308622729554]
548,59.166.0.5,149.171.126.9,*,80,http,tcp,*,[2.645278981986282]
549,59.166.0.6,149.171.126.0,*,111,unknown,udp,*,[0]
550,59.166.0.6,149.171.126.0,*,143,unknown,tcp,*,[0.670478399654806]
551,59.166.0.6,149.171.126.0,*,21,ftp,tcp,*,[0.3102266937317927]
552,59.166.0.6,149.171.126.0,*,22,ssh,tcp,*,[0]
553,59.166.0.6,149.171.126.0,*,25,smtp,tcp,*,[1.265118713266986]
554,59.166.0.6,149.171.126.0,*,5190,unknown,tcp,*,[0]
555,59.166.0.6,149.171.126.0,*,53,dns,udp,*,[1.7688728441930623]
556,59.166.0.6,149.171.126.0,*,6881,unknown,tcp,*,[0.6118058391124366]
557,59.166.0.6,149.171.126.0,*,80,http,tcp,*,[0]
558,59.166.0.6,149.171.126.1,*,111,unknown,udp,*,[0]
559,59.166.0.6,149.171.126.1,*,143,unknown,tcp,*,[1.2701705922171767]
560,59.166.0.6,149.171.126.1,*,21,ftp,tcp,*,[0.4628528545997307]
561,59.166.0.6,149.171.126.1,*,22,ssh,tcp,*,[0]
562,59.166.0.6,149.171.126.1,*,25,smtp,tcp,*,[0.31655094215229407]
563,59.166.0.6,149.171.126.1,*,5190,unknown,tcp,*,[0]
564,59.166.0.6,149.171.126.1,*,53,dns,udp,*,[0.8785862062943939]
565,59.166.0.6,149.171.126.1,*,6881,unknown,tcp,*,[1.3825708240343888]
566,59.166.0.6,149.171.126.1,*,80,http,tcp,*,[0]
567,59.166.0.6,149.171.126.2,*,111,unknown,udp,*,[0.7938841860374448]
568,59.166.0.6,149.171.126.2,*,143,unknown,tcp,*,[0]
569,59.166.0.6,149.171.126.2,*,21,ftp,tcp,*,[1.6494062230398865]
570,59.166.0.6,149.171.126.2,*,22,ssh,tcp,*,[0.48299803441449557]
571,59.166.0.6,149.171.126.2,*,25,smtp,tcp,*,[1.455035554024736]
572,59.166.0.6,149.171.126.2,*,5190,unknown,tcp,*,[0]
573,59.166.0.6,149.171.126.2,*,53,dns,udp,*,[2.6398228685433875]
574,59.166.0.6,149.171.126.2,*,6881,unknown,tcp,*,[0]
575,59.166.0.6,149.171.126.2,*,80,http,tcp,*,[4.360407996361905]
576,59.166.0.6,149.171.126.3,*,111,unknown,udp,*,[0]
577,59.166.0.6,149.171.126.3,*,143,unknown,tcp,*,[1.5469576186561862]
578,59.166.0.6,149.171.126.3,*,21,ftp,tcp,*,[0]
579,59.166.0.6,149.171.126.3,*,22,ssh,tcp,*,[0.8285293040085848]
580,59.166.0.6,149.171.126.3,*,25,smtp,tcp,*,[0.33257073033629503]
581,59.166.0.6,149.171.126.3,*,5190,unknown,tcp,*,[0.9757626125530421]
582,59.166.0.6,149.171.126.3,*,53,dns,udp,*,[0.23809523809523775]
583,59.166.0.6,149.171.126.3,*,6881,unknown,tcp,*,[0.2867678249315941]
584,59.166.0.6,149.171.126.3,*,80,http,tcp,*,[0]
585,59.166.0.6,149.171.126.4,*,111,unknown,udp,*,[0]
586,59.166.0.6,149.171.126.4,*,143,unknown,tcp,*,[0]
587,59.166.0.6,149.171.126.4,*,21,ftp,tcp,*,[0.8595358880206612]
588,59.166.0.6,149.171.126.4,*,22,ssh,tcp,*,[0]
589,59.166.0.6,149.171.126.4,*,25,smtp,tcp,*,[0]
590,59.166.0.6,149.171.126.4,*,5190,unknown,tcp,*,[0.14216253350904595]
591,59.166.0.6,149.171.126.4,*,53,dns,udp,*,[1.122074059211444]
592,59.166.0.6,149.171.126.4,*,6881,unknown,tcp,*,[0.18141160917315322]
593,59.166.0.6,149.171.126.4,*,80,http,tcp,*,[0.18417736717093908]
594,59.166.0.6,149.171.126.5,*,111,unknown,udp,*,[2.8030595529069404]
595,59.166.0.6,149.171.126.5,*,143,unknown,tcp,*,[0.3495633186072456]
596,59.166.0.6,149.171.126.5,*,21,ftp,tcp,*,[0.7689218919450849]
597,59.166.0.6,149.171.126.5,*,22,ssh,tcp,*,[0]
598,59.166.0.6,149.171.126.5,*,25,smtp,tcp,*,[1.7424411275657181]
599,59.166.0.6,149.171.126.5,*,5190,unknown,tcp,*,[0]
600,59.166.0.6,149.171.126.5,*,53,dns,udp,*,[2.44332579529504]
601,59.166.0.6,149.171.126.5,*,6881,unknown,tcp,*,[0.8063249210614852]
602,59.166.0.6,149.171.126.5,*,80,http,tcp,*,[0.4006442122298054]
603,59.166.0.6,149.171.126.6,*,111,unknown,udp,*,[0]
604,59.166.0.6,149.171.126.6,*,143,unknown,tcp,*,[1.0644002897775877]
605,59.166.0.6,149.171.126.6,*,21,ftp,tcp,*,[0.5487396847647232]
606,59.166.0.6,149.171.126.6,*,22,ssh,tcp,*,[0]
607,59.166.0.6,149.171.126.6,*,25,smtp,tcp,*,[0]
608,59.166.0.6,149.171.126.6,*,5190,unknown,tcp,*,[0]
609,59.166.0.6,149.171.126.6,*,53,dns,udp,*,[0]
610,59.166.0.6,149.171.126.6,*,6881,unknown,tcp,*,[0.946207946360781]
611,59.166.0.6,149.171.126.6,*,80,http,tcp,*,[0.8619342151577697]
612,59.166.0.6,149.171.126.7,*,111,unknown,udp,*,[0]
613,59.166.0.6,149.171.126.7,*,143,unknown,tcp,*,[0]
614,59.166.0.6,149.171.126.7,*,21,ftp,tcp,*,[0]
615,59.166.0.6,149.171.126.7,*,22,ssh,tcp,*,[0]
616,59.166.0.6,149.171.126.7,*,25,smtp,tcp,*,[3.5541712063417714]
617,59.166.0.6,149.171.126.7,*,5190,unknown,tcp,*,[0.7823969299055071]
618,59.166.0.6,149.171.126.7,*,53,dns,udp,*,[0]
619,59.166.0.6,149.171.126.7,*,6881,unknown,tcp,*,[1.961506310704397]
620,59.166.0.6,149.171.126.7,*,80,http,tcp,*,[0.2649256779724983]
621,59.166.0.6,149.171.126.8,*,111,unknown,udp,*,[0.12024367901421694]
622,59.166.0.6,149.171.126.8,*,143,unknown,tcp,*,[0.13045451257138727]
623,59.166.0.6,149.171.126.8,*,21,ftp,tcp,*,[0]
624,59.166.0.6,149.171.126.8,*,22,ssh,tcp,*,[0.16657109542957074]
625,59.166.0.6,149.171.126.8,*,25,smtp,tcp,*,[1.1590731121172753]
626,59.166.0.6,149.171.126.8,*,5190,unknown,tcp,*,[0]
627,59.166.0.6,149.171.126.8,*,53,dns,udp,*,[0]
628,59.166.0.6,149.171.126.8,*,6881,unknown,tcp,*,[0.3051500736738912]
629,59.166.0.6,149.171.126.8,*,80,http,tcp,*,[0.520180963986686]
630,59.166.0.6,149.171.126.9,*,111,unknown,udp,*,[0]
631,59.166.0.6,149.171.126.9,*,143,unknown,tcp,*,[0]
632,59.166.0.6,149.171.126.9,*,21,ftp,tcp,*,[0]
633,59.166.0.6,149.171.126.9,*,22,ssh,tcp,*,[1.0899476435702689]
634,59.166.0.6,149.171.126.9,*,25,smtp,tcp,*,[0.7293249574894726]
635,59.166.0.6,149.171.126.9,*,5190,unknown,tcp,*,[0]
636,59.166.0.6,149.171.126.9,*,53,dns,udp,*,[1.6599422846957572]
637,59.166.0.6,149.171.126.9,*,6881,unknown,tcp,*,[0.43599481823237785]
638,59.166.0.6,149.171.126.9,*,80,http,tcp,*,[2.2764325153635006]
639,59.166.0.7,149.171.126.0,*,111,unknown,udp,*,[0]
640,59.166.0.7,149.171.126.0,*,143,unknown,tcp,*,[0.22819347832358292]
641,59.166.0.7,149.171.126.0,*,21,ftp,tcp,*,[1.55796167540904]
642,59.166.0.7,149.171.126.0,*,22,ssh,tcp,*,[0]
643,59.166.0.7,149.171.126.0,*,25,smtp,tcp,*,[0]
644,59.166.0.7,149.171.126.0,*,5190,unknown,tcp,*,[0]
645,59.166.0.7,149.171.126.0,*,53,dns,udp,*,[1.5270406176791715]
646,59.166.0.7,149.171.126.0,*,6881,unknown,tcp,*,[0]
647,59.166.0.7,149.171.126.0,*,80,http,tcp,*,[0]
648,59.166.0.7,149.171.126.1,*,111,unknown,udp,*,[0.6963305682731734]
649,59.166.0.7,149.171.126.1,*,143,unknown,tcp,*,[0]
650,59.166.0.7,149.171.126.1,*,21,ftp,tcp,*,[1.023671916004716]
651,59.166.0.7,149.171.126.1,*,22,ssh,tcp,*,[0.26037782196164766]
652,59.166.0.7,149.171.126.1,*,25,smtp,tcp,*,[0]
653,59.166.0.7,149.171.126.1,*,5190,unknown,tcp,*,[0.9002767972546127]
654,59.166.0.7,149.171.126.1,*,53,dns,udp,*,[1.9893137163653616]
655,59.166.0.7,149.171.126.1,*,6881,unknown,tcp,*,[1.2370385587648898]
656,59.166.0.7,149.171.126.1,*,80,http,tcp,*,[0]
657,59.166.0.7,149.171.126.2,*,111,unknown,udp,*,[0.0953462589245594]
658,59.166.0.7,149.171.126.2,*,143,unknown,tcp,*,[0]
659,59.166.0.7,149.171.126.2,*,21,ftp,tcp,*,[0.9838699100999072]
660,59.166.0.7,149.171.126.2,*,22,ssh,tcp,*,[2.290862266046757]
661,59.166.0.7,149.171.126.2,*,25,smtp,tcp,*,[0]
662,59.166.0.7,149.171.126.2,*,5190,unknown,tcp,*,[0.46067363074396844]
663,59.166.0.7,149.171.126.2,*,53,dns,udp,*,[0.10684727247854338]
664,59.166.0.7,149.171.126.2,*,6881,unknown,tcp,*,[0.3362224324104408]
665,59.166.0.7,149.171.126.2,*,80,http,tcp,*,[0]
666,59.166.0.7,149.171.126.3,*,111,unknown,udp,*,[0.9045340337332909]
667,59.166.0.7,149.171.126.3,*,143,unknown,tcp,*,[0]
668,59.166.0.7,149.171.126.3,*,21,ftp,tcp,*,[0.2828427124746192]
669,59.166.0.7,149.171.126.3,*,22,ssh,tcp,*,[0.8084032382440312]
670,59.166.0.7,149.171.126.3,*,25,smtp,tcp,*,[0.7334302966199313]
671,59.166.0.7,149.171.126.3,*,5190,unknown,tcp,*,[0]
672,59.166.0.7,149.171.126.3,*,53,dns,udp,*,[0]
673,59.166.0.7,149.171.126.3,*,6881,unknown,tcp,*,[0.05835064361983521]
674,59.166.0.7,149.171.126.3,*,80,http,tcp,*,[0]
675,59.166.0.7,149.171.126.4,*,111,unknown,udp,*,[1.6715322113422815]
676,59.166.0.7,149.171.126.4,*,143,unknown,tcp,*,[0.2672612419124245]
677,59.166.0.7,149.171.126.4,*,21,ftp,tcp,*,[0]
678,59.166.0.7,149.171.126.4,*,22,ssh,tcp,*,[1.231692626181907]
679,59.166.0.7,149.171.126.4,*,25,smtp,tcp,*,[0]
680,59.166.0.7,149.171.126.4,*,5190,unknown,tcp,*,[0]
681,59.166.0.7,149.171.126.4,*,53,dns,udp,*,[0.782151827677648]
682,59.166.0.7,149.171.126.4,*,6881,unknown,tcp,*,[2.4062738510306443]
683,59.166.0.7,149.171.126.4,*,80,http,tcp,*,[2.2292541435446873]
684,59.166.0.7,149.171.126.5,*,111,unknown,udp,*,[0]
685,59.166.0.7,149.171.126.5,*,143,unknown,tcp,*,[0.0438107954338322]
686,59.166.0.7,149.171.126.5,*,21,ftp,tcp,*,[1.6444391336588537]
687,59.166.0.7,149.171.126.5,*,22,ssh,tcp,*,[0.4509096384805817]
688,59.166.0.7,149.171.126.5,*,25,smtp,tcp,*,[0.44536813950290915]
689,59.166.0.7,149.171.126.5,*,5190,unknown,tcp,*,[0]
690,59.166.0.7,149.171.126.5,*,53,dns,udp,*,[1.0180385894420447]
691,59.166.0.7,149.171.126.5,*,6881,unknown,tcp,*,[0.8553634374865711]
692,59.166.0.7,149.171.126.5,*,80,http,tcp,*,[2.3321589222178223]
693,59.166.0.7,149.171.126.6,*,111,unknown,udp,*,[0.13912166872805048]
694,59.166.0.7,149.171.126.6,*,143,unknown,tcp,*,[1.312784923481051]
695,59.166.0.7,149.171.126.6,*,21,ftp,tcp,*,[0.150142703384551]
696,59.166.0.7,149.171.126.6,*,22,ssh,tcp,*,[1.5132255434627624]
697,59.166.0.7,149.171.126.6,*,25,smtp,tcp,*,[0]
698,59.166.0.7,149.171.126.6,*,5190,unknown,tcp,*,[0]
699,59.166.0.7,149.171.126.6,*,53,dns,udp,*,[0]
700,59.166.0.7,149.171.126.6,*,6881,unknown,tcp,*,[0]
701,59.166.0.7,149.171.126.6,*,80,http,tcp,*,[0]
702,59.166.0.7,149.171.126.7,*,111,unknown,udp,*,[2.4770935209209917]
703,59.166.0.7,149.171.126.7,*,143,unknown,tcp,*,[0.0]
704,59.166.0.7,149.171.126.7,*,21,ftp,tcp,*,[0.9781331457262631]
705,59.166.0.7,149.171.126.7,*,22,ssh,tcp,*,[0.6842105263157895]
706,59.166.0.7,149.171.126.7,*,25,smtp,tcp,*,[0.1373605639486891]
707,59.166.0.7,149.171.126.7,*,5190,unknown,tcp,*,[0]
708,59.166.0.7,149.171.126.7,*,53,dns,udp,*,[0]
709,59.166.0.7,149.171.126.7,*,6881,unknown,tcp,*,[0.4976912628331875]
710,59.166.0.7,149.171.126.7,*,80,http,tcp,*,[0.37991203931606415]
711,59.166.0.7,149.171.126.8,*,111,unknown,udp,*,[0]
712,59.166.0.7,149.171.126.8,*,143,unknown,tcp,*,[0]
713,59.166.0.7,149.171.126.8,*,21,ftp,tcp,*,[0]
714,59.166.0.7,149.171.126.8,*,22,ssh,tcp,*,[0]
715,59.166.0.7,149.171.126.8,*,25,smtp,tcp,*,[0.20739033894608483]
716,59.166.0.7,149.171.126.8,*,5190,unknown,tcp,*,[0.6982421807051468]
717,59.166.0.7,149.171.126.8,*,53,dns,udp,*,[0.1342312110428044]
718,59.166.0.7,149.171.126.8,*,6881,unknown,tcp,*,[0.3219027332387024]
719,59.166.0.7,149.171.126.8,*,80,http,tcp,*,[0.31955293861016487]
720,59.166.0.7,149.171.126.9,*,111,unknown,udp,*,[0.8519320379299128]
721,59.166.0.7,149.171.126.9,*,143,unknown,tcp,*,[1.153846153846154]
722,59.166.0.7,149.171.126.9,*,21,ftp,tcp,*,[0]
723,59.166.0.7,149.171.126.9,*,22,ssh,tcp,*,[0.03458572319330361]
724,59.166.0.7,149.171.126.9,*,25,smtp,tcp,*,[0]
725,59.166.0.7,149.171.126.9,*,5190,unknown,tcp,*,[1.2694788467200278]
726,59.166.0.7,149.171.126.9,*,53,dns,udp,*,[0]
727,59.166.0.7,149.171.126.9,*,6881,unknown,tcp,*,[0.38452252720586727]
728,59.166.0.7,149.171.126.9,*,80,http,tcp,*,[0.3066902694992141]
729,59.166.0.8,149.171.126.0,*,111,unknown,udp,*,[0.35885350027300505]
730,59.166.0.8,149.171.126.0,*,143,unknown,tcp,*,[2.2255145019087785]
731,59.166.0.8,149.171.126.0,*,21,ftp,tcp,*,[0.6537422771563495]
732,59.166.0.8,149.171.126.0,*,22,ssh,tcp,*,[0]
733,59.166.0.8,149.171.126.0,*,25,smtp,tcp,*,[1.2420065684871482]
734,59.166.0.8,149.171.126.0,*,5190,unknown,tcp,*,[0.5059644256269409]
735,59.166.0.8,149.171.126.0,*,53,dns,udp,*,[1.0963608729940735]
736,59.166.0.8,149.171.126.0,*,6881,unknown,tcp,*,[1.2918844829323477]
737,59.166.0.8,149.171.126.0,*,80,http,tcp,*,[0]
738,59.166.0.8,149.171.126.1,*,111,unknown,udp,*,[0]
739,59.166.0.8,149.171.126.1,*,143,unknown,tcp,*,[0]
740,59.166.0.8,149.171.126.1,*,21,ftp,tcp,*,[0]
741,59.166.0.8,149.171.126.1,*,22,ssh,tcp,*,[1.0671463169732878]
742,59.166.0.8,149.171.126.1,*,25,smtp,tcp,*,[0]
743,59.166.0.8,149.171.126.1,*,5190,unknown,tcp,*,[0.16517521236405322]
744,59.166.0.8,149.171.126.1,*,53,dns,udp,*,[2.3650216054326156]
745,59.166.0.8,149.171.126.1,*,6881,unknown,tcp,*,[0.6511055686587709]
746,59.166.0.8,149.171.126.1,*,80,http,tcp,*,[0.5411502838597083]
747,59.166.0.8,149.171.126.2,*,111,unknown,udp,*,[3.1759152402134236]
748,59.166.0.8,149.171.126.2,*,143,unknown,tcp,*,[0]
749,59.166.0.8,149.171.126.2,*,21,ftp,tcp,*,[1.2909944487358058]
750,59.166.0.8,149.171.126.2,*,22,ssh,tcp,*,[0]
751,59.166.0.8,149.171.126.2,*,25,smtp,tcp,*,[0]
752,59.166.0.8,149.171.126.2,*,5190,unknown,tcp,*,[0]
753,59.166.0.8,149.171.126.2,*,53,dns,udp,*,[1.060236162099964]
754,59.166.0.8,149.171.126.2,*,6881,unknown,tcp,*,[0.15762781800125686]
755,59.166.0.8,149.171.126.2,*,80,http,tcp,*,[2.1710509736477923]
756,59.166.0.8,149.171.126.3,*,111,unknown,udp,*,[0]
757,59.166.0.8,149.171.126.3,*,143,unknown,tcp,*,[0]
758,59.166.0.8,149.171.126.3,*,21,ftp,tcp,*,[1.144155107094711]
759,59.166.0.8,149.171.126.3,*,22,ssh,tcp,*,[0.8283094956288242]
760,59.166.0.8,149.171.126.3,*,25,smtp,tcp,*,[0.27232316702791914]
761,59.166.0.8,149.171.126.3,*,5190,unknown,tcp,*,[0]
762,59.166.0.8,149.171.126.3,*,53,dns,udp,*,[1.1737295222987092]
763,59.166.0.8,149.171.126.3,*,6881,unknown,tcp,*,[1.128662397985856]
764,59.166.0.8,149.171.126.3,*,80,http,tcp,*,[2.16879255876574]
765,59.166.0.8,149.171.126.4,*,111,unknown,udp,*,[0]
766,59.166.0.8,149.171.126.4,*,143,unknown,tcp,*,[0.6363636363636366]
767,59.166.0.8,149.171.126.4,*,21,ftp,tcp,*,[1.364096585169425]
768,59.166.0.8,149.171.126.4,*,22,ssh,tcp,*,[2.4108240550444657]
769,59.166.0.8,149.171.126.4,*,25,smtp,tcp,*,[0.597629895757967]
770,59.166.0.8,149.171.126.4,*,5190,unknown,tcp,*,[0]
771,59.166.0.8,149.171.126.4,*,53,dns,udp,*,[2.064318710322473]
772,59.166.0.8,149.171.126.4,*,6881,unknown,tcp,*,[2.1677749238103]
773,59.166.0.8,149.171.126.4,*,80,http,tcp,*,[0]
774,59.166.0.8,149.171.126.5,*,111,unknown,udp,*,[1.1914138557471459]
775,59.166.0.8,149.171.126.5,*,143,unknown,tcp,*,[0.9036790688731305]
776,59.166.0.8,149.171.126.5,*,21,ftp,tcp,*,[0]
777,59.166.0.8,149.171.126.5,*,22,ssh,tcp,*,[0.5183439448387851]
778,59.166.0.8,149.171.126.5,*,25,smtp,tcp,*,[0.2505100626650998]
779,59.166.0.8,149.171.126.5,*,5190,unknown,tcp,*,[1.2647746875206194]
780,59.166.0.8,149.171.126.5,*,53,dns,udp,*,[0]
781,59.166.0.8,149.171.126.5,*,6881,unknown,tcp,*,[1.274996074064408]
782,59.166.0.8,149.171.126.5,*,80,http,tcp,*,[1.6903085094570334]
783,59.166.0.8,149.171.126.6,*,111,unknown,udp,*,[0.336265081367359]
784,59.166.0.8,149.171.126.6,*,143,unknown,tcp,*,[0.08804509063256254]
785,59.166.0.8,149.171.126.6,*,21,ftp,tcp,*,[0]
786,59.166.0.8,149.171.126.6,*,22,ssh,tcp,*,[2.047420378719862]
787,59.166.0.8,149.171.126.6,*,25,smtp,tcp,*,[0.7656414934887766]
788,59.166.0.8,149.171.126.6,*,5190,unknown,tcp,*,[0]
789,59.166.0.8,149.171.126.6,*,53,dns,udp,*,[2.441590624310004]
790,59.166.0.8,149.171.126.6,*,6881,unknown,tcp,*,[0.5773021626804234]
791,59.166.0.8,149.171.126.6,*,80,http,tcp,*,[0.9968749923586286]
792,59.166.0.8,149.171.126.7,*,111,unknown,udp,*,[0.8903482010484506]
793,59.166.0.8,149.171.126.7,*,143,unknown,tcp,*,[0.5252257314388902]
794,59.166.0.8,149.171.126.7,*,21,ftp,tcp,*,[0.3585685828003181]
795,59.166.0.8,149.171.126.7,*,22,ssh,tcp,*,[0.8409993964288948]
796,59.166.0.8,149.171.126.7,*,25,smtp,tcp,*,[0]
797,59.166.0.8,149.171.126.7,*,5190,unknown,tcp,*,[0.8049240557731581]
798,59.166.0.8,149.171.126.7,*,53,dns,udp,*,[2.9980040747925734]
799,59.166.0.8,149.171.126.7,*,6881,unknown,tcp,*,[0.32874875335675446]
800,59.166.0.8,149.171.126.7,*,80,http,tcp,*,[3.805964933737033]
801,59.166.0.8,149.171.126.8,*,111,unknown,udp,*,[0.7142306081512173]
802,59.166.0.8,149.171.126.8,*,143,unknown,tcp,*,[1.3032589910505397]
803,59.166.0.8,149.171.126.8,*,21,ftp,tcp,*,[0]
804,59.166.0.8,149.171.126.8,*,22,ssh,tcp,*,[0.027503266206804506]
805,59.166.0.8,149.171.126.8,*,25,smtp,tcp,*,[6.733710503344879]
806,59.166.0.8,149.171.126.8,*,5190,unknown,tcp,*,[0]
807,59.166.0.8,149.171.126.8,*,53,dns,udp,*,[0.39612796296840297]
808,59.166.0.8,149.171.126.8,*,6881,unknown,tcp,*,[2.236392076638244]
809,59.166.0.8,149.171.126.8,*,80,http,tcp,*,[0.7131783073210256]
810,59.166.0.8,149.171.126.9,*,111,unknown,udp,*,[0.08558582870775606]
811,59.166.0.8,149.171.126.9,*,143,unknown,tcp,*,[0.5011036433614474]
812,59.166.0.8,149.171.126.9,*,21,ftp,tcp,*,[0.1624591083221647]
813,59.166.0.8,149.171.126.9,*,22,ssh,tcp,*,[1.1990875469596172]
814,59.166.0.8,149.171.126.9,*,25,smtp,tcp,*,[3.4208963219556394]
815,59.166.0.8,149.171.126.9,*,5190,unknown,tcp,*,[0]
816,59.166.0.8,149.171.126.9,*,53,dns,udp,*,[0.255512919476977]
817,59.166.0.8,149.171.126.9,*,6881,unknown,tcp,*,[0.33240798759949197]
818,59.166.0.8,149.171.126.9,*,80,http,tcp,*,[0]
819,59.166.0.9,149.171.126.0,*,111,unknown,udp,*,[0]
820,59.166.0.9,149.171.126.0,*,143,unknown,tcp,*,[0]
821,59.166.0.9,149.171.126.0,*,21,ftp,tcp,*,[1.7999999999999998]
822,59.166.0.9,149.171.126.0,*,22,ssh,tcp,*,[0.4585852474562929]
823,59.166.0.9,149.171.126.0,*,25,smtp,tcp,*,[0.7111512762185722]
824,59.166.0.9,149.171.126.0,*,5190,unknown,tcp,*,[0]
825,59.166.0.9,149.171.126.0,*,53,dns,udp,*,[0]
826,59.166.0.9,149.171.126.0,*,6881,unknown,tcp,*,[0]
827,59.166.0.9,149.171.126.0,*,80,http,tcp,*,[0]
828,59.166.0.9,149.171.126.1,*,111,unknown,udp,*,[0]
829,59.166.0.9,149.171.126.1,*,143,unknown,tcp,*,[0.38551372429259856]
830,59.166.0.9,149.171.126.1,*,21,ftp,tcp,*,[0]
831,59.166.0.9,149.171.126.1,*,22,ssh,tcp,*,[1.3608088868790267]
832,59.166.0.9,149.171.126.1,*,25,smtp,tcp,*,[0]
833,59.166.0.9,149.171.126.1,*,5190,unknown,tcp,*,[0.11837843095259493]
834,59.166.0.9,149.171.126.1,*,53,dns,udp,*,[0.12690454900582862]
835,59.166.0.9,149.171.126.1,*,6881,unknown,tcp,*,[0.4931969619160719]
836,59.166.0.9,149.171.126.1,*,80,http,tcp,*,[0]
837,59.166.0.9,149.171.126.2,*,111,unknown,udp,*,[0]
838,59.166.0.9,149.171.126.2,*,143,unknown,tcp,*,[0]
839,59.166.0.9,149.171.126.2,*,21,ftp,tcp,*,[1.6712580435934667]
840,59.166.0.9,149.171.126.2,*,22,ssh,tcp,*,[0]
841,59.166.0.9,149.171.126.2,*,25,smtp,tcp,*,[0]
842,59.166.0.9,149.171.126.2,*,5190,unknown,tcp,*,[0.4765177496160252]
843,59.166.0.9,149.171.126.2,*,53,dns,udp,*,[0]
844,59.166.0.9,149.171.126.2,*,6881,unknown,tcp,*,[0.012434358590194072]
845,59.166.0.9,149.171.126.2,*,80,http,tcp,*,[0.2776439154126344]
846,59.166.0.9,149.171.126.3,*,111,unknown,udp,*,[0]
847,59.166.0.9,149.171.126.3,*,143,unknown,tcp,*,[0.2998470558146835]
848,59.166.0.9,149.171.126.3,*,21,ftp,tcp,*,[1.07959123809862]
849,59.166.0.9,149.171.126.3,*,22,ssh,tcp,*,[0]
850,59.166.0.9,149.171.126.3,*,25,smtp,tcp,*,[1.4676992553975348]
851,59.166.0.9,149.171.126.3,*,5190,unknown,tcp,*,[0]
852,59.166.0.9,149.171.126.3,*,53,dns,udp,*,[0.7579031696625751]
853,59.166.0.9,149.171.126.3,*,6881,unknown,tcp,*,[1.0851291560972187]
854,59.166.0.9,149.171.126.3,*,80,http,tcp,*,[2.219820220187831]
855,59.166.0.9,149.171.126.4,*,111,unknown,udp,*,[0]
856,59.166.0.9,149.171.126.4,*,143,unknown,tcp,*,[0]
857,59.166.0.9,149.171.126.4,*,21,ftp,tcp,*,[0]
858,59.166.0.9,149.171.126.4,*,22,ssh,tcp,*,[0.6805975362413781]
859,59.166.0.9,149.171.126.4,*,25,smtp,tcp,*,[0.23640885240729823]
860,59.166.0.9,149.171.126.4,*,5190,unknown,tcp,*,[0]
861,59.166.0.9,149.171.126.4,*,53,dns,udp,*,[0]
862,59.166.0.9,149.171.126.4,*,6881,unknown,tcp,*,[0]
863,59.166.0.9,149.171.126.4,*,80,http,tcp,*,[0]
864,59.166.0.9,149.171.126.5,*,111,unknown,udp,*,[0]
865,59.166.0.9,149.171.126.5,*,143,unknown,tcp,*,[0]
866,59.166.0.9,149.171.126.5,*,21,ftp,tcp,*,[0.8792151454272201]
867,59.166.0.9,149.171.126.5,*,22,ssh,tcp,*,[1.1217709077898872]
868,59.166.0.9,149.171.126.5,*,25,smtp,tcp,*,[0.4167467871686412]
869,59.166.0.9,149.171.126.5,*,5190,unknown,tcp,*,[0]
870,59.166.0.9,149.171.126.5,*,53,dns,udp,*,[0.0]
871,59.166.0.9,149.171.126.5,*,6881,unknown,tcp,*,[0.8689477560867008]
872,59.166.0.9,149.171.126.5,*,80,http,tcp,*,[0]
873,59.166.0.9,149.171.126.6,*,111,unknown,udp,*,[0]
874,59.166.0.9,149.171.126.6,*,143,unknown,tcp,*,[0.43328912241312106]
875,59.166.0.9,149.171.126.6,*,21,ftp,tcp,*,[0]
876,59.166.0.9,149.171.126.6,*,22,ssh,tcp,*,[3.680338522590941]
877,59.166.0.9,149.171.126.6,*,25,smtp,tcp,*,[0.03661260129691049]
878,59.166.0.9,149.171.126.6,*,5190,unknown,tcp,*,[0]
879,59.166.0.9,149.171.126.6,*,53,dns,udp,*,[0.5366227767244304]
880,59.166.0.9,149.171.126.6,*,6881,unknown,tcp,*,[0]
881,59.166.0.9,149.171.126.6,*,80,http,tcp,*,[0]
882,59.166.0.9,149.171.126.7,*,111,unknown,udp,*,[0]
883,59.166.0.9,149.171.126.7,*,143,unknown,tcp,*,[0]
884,59.166.0.9,149.171.126.7,*,21,ftp,tcp,*,[0]
885,59.166.0.9,149.171.126.7,*,22,ssh,tcp,*,[0]
886,59.166.0.9,149.171.126.7,*,25,smtp,tcp,*,[1.0864289525102224]
887,59.166.0.9,149.171.126.7,*,5190,unknown,tcp,*,[0]
888,59.166.0.9,149.171.126.7,*,53,dns,udp,*,[0]
889,59.166.0.9,149.171.126.7,*,6881,unknown,tcp,*,[2.551183751778257]
890,59.166.0.9,149.171.126.7,*,80,http,tcp,*,[2.4054317830641194]
891,59.166.0.9,149.171.126.8,*,111,unknown,udp,*,[0]
892,59.166.0.9,149.171.126.8,*,143,unknown,tcp,*,[1.0690449676496978]
893,59.166.0.9,149.171.126.8,*,21,ftp,tcp,*,[0]
894,59.166.0.9,149.171.126.8,*,22,ssh,tcp,*,[0]
895,59.166.0.9,149.171.126.8,*,25,smtp,tcp,*,[0]
896,59.166.0.9,149.171.126.8,*,5190,unknown,tcp,*,[1.3757557423688784]
897,59.166.0.9,149.171.126.8,*,53,dns,udp,*,[0.8619016587612415]
898,59.166.0.9,149.171.126.8,*,6881,unknown,tcp,*,[2.9333475083132585]
899,59.166.0.9,149.171.126.8,*,80,http,tcp,*,[0.9400394823291587]
900,59.166.0.9,149.171.126.9,*,111,unknown,udp,*,[0]
901,59.166.0.9,149.171.126.9,*,143,unknown,tcp,*,[0.38041697597954305]
902,59.166.0.9,149.171.126.9,*,21,ftp,tcp,*,[0]
903,59.166.0.9,149.171.126.9,*,22,ssh,tcp,*,[0.24456713620629733]
904,59.166.0.9,149.171.126.9,*,25,smtp,tcp,*,[0]
905,59.166.0.9,149.171.126.9,*,5190,unknown,tcp,*,[0.2328732164163111]
906,59.166.0.9,149.171.126.9,*,53,dns,udp,*,[1.9044409036030268]
907,59.166.0.9,149.171.126.9,*,6881,unknown,tcp,*,[0]
908,59.166.0.9,149.171.126.9,*,80,http,tcp,*,[0.9838699100999074]
909,?,?,*,?,?,?,*,[2.0275586504820122]
910,59.166.0.0,149.171.126.0,*,?,unknown,tcp,*,[9.376971589678007]
911,59.166.0.0,149.171.126.1,*,?,unknown,tcp,*,[7.25047506610727]
912,59.166.0.0,149.171.126.2,*,?,unknown,tcp,*,[10]
913,59.166.0.0,149.171.126.3,*,?,unknown,tcp,*,[10]
914,59.166.0.0,149.171.126.3,*,?,unknown,udp,*,[10]
915,59.166.0.0,149.171.126.4,*,?,unknown,tcp,*,[7.532666452835324]
916,59.166.0.0,149.171.126.4,*,?,unknown,udp,*,[10]
917,59.166.0.0,149.171.126.5,*,?,unknown,tcp,*,[9.351918664502676]
918,59.166.0.0,149.171.126.6,*,?,unknown,udp,*,[10]
919,59.166.0.0,149.171.126.6,*,?,unknown,tcp,*,[9.49298731972329]
920,59.166.0.0,149.171.126.7,*,?,unknown,tcp,*,[10]
921,59.166.0.0,149.171.126.8,*,?,unknown,tcp,*,[10]
922,59.166.0.0,149.171.126.9,*,?,unknown,tcp,*,[9.830806866563094]
923,59.166.0.1,149.171.126.0,*,?,unknown,tcp,*,[10]
924,59.166.0.1,149.171.126.1,*,?,unknown,tcp,*,[10]
925,59.166.0.1,149.171.126.2,*,?,unknown,tcp,*,[6.3241101186549535]
926,59.166.0.1,149.171.126.3,*,?,unknown,tcp,*,[10]
927,59.166.0.1,149.171.126.3,*,?,unknown,udp,*,[10]
928,59.166.0.1,149.171.126.4,*,?,unknown,tcp,*,[10]
929,59.166.0.1,149.171.126.5,*,?,unknown,tcp,*,[9.258451683877267]
930,59.166.0.1,149.171.126.6,*,?,unknown,tcp,*,[10]
931,59.166.0.1,149.171.126.6,*,?,unknown,udp,*,[10]
932,59.166.0.1,149.171.126.7,*,?,unknown,tcp,*,[9.197610819949837]
933,59.166.0.1,149.171.126.7,*,?,unknown,udp,*,[10]
934,59.166.0.1,149.171.126.8,*,?,unknown,tcp,*,[8.103550143264584]
935,59.166.0.1,149.171.126.8,*,?,unknown,udp,*,[10]
936,59.166.0.1,149.171.126.9,*,?,unknown,tcp,*,[10]
937,59.166.0.2,149.171.126.0,*,?,unknown,tcp,*,[9.268220323306075]
938,59.166.0.2,149.171.126.1,*,?,unknown,tcp,*,[9.44065211777021]
939,59.166.0.2,149.171.126.1,*,?,unknown,udp,*,[10]
940,59.166.0.2,149.171.126.2,*,?,unknown,tcp,*,[10]
941,59.166.0.2,149.171.126.3,*,?,unknown,tcp,*,[10]
942,59.166.0.2,149.171.126.4,*,?,unknown,tcp,*,[9.843875107553213]
943,59.166.0.2,149.171.126.5,*,?,unknown,tcp,*,[10]
944,59.166.0.2,149.171.126.6,*,?,unknown,tcp,*,[9.398387221530456]
945,59.166.0.2,149.171.126.7,*,?,unknown,tcp,*,[6.286555007805087]
946,59.166.0.2,149.171.126.8,*,?,unknown,tcp,*,[8.124924523569547]
947,59.166.0.2,149.171.126.9,*,?,unknown,tcp,*,[8.33440167101497]
948,59.166.0.3,149.171.126.0,*,?,unknown,tcp,*,[10]
949,59.166.0.3,149.171.126.1,*,?,unknown,tcp,*,[10]
950,59.166.0.3,149.171.126.1,*,?,unknown,udp,*,[10]
951,59.166.0.3,149.171.126.2,*,?,unknown,tcp,*,[8.944988569742305]
952,59.166.0.3,149.171.126.3,*,?,unknown,tcp,*,[10]
953,59.166.0.3,149.171.126.3,*,?,unknown,udp,*,[10]
954,59.166.0.3,149.171.126.4,*,?,unknown,tcp,*,[10]
955,59.166.0.3,149.171.126.5,*,?,unknown,tcp,*,[10]
956,59.166.0.3,149.171.126.5,*,?,unknown,udp,*,[10]
957,59.166.0.3,149.171.126.6,*,?,unknown,tcp,*,[6.89603369635476]
958,59.166.0.3,149.171.126.7,*,?,unknown,tcp,*,[9.25291573497634]
959,59.166.0.3,149.171.126.7,*,?,unknown,udp,*,[10]
960,59.166.0.3,149.171.126.8,*,?,unknown,tcp,*,[10]
961,59.166.0.3,149.171.126.9,*,?,unknown,tcp,*,[10]
962,59.166.0.4,149.171.126.0,*,?,unknown,tcp,*,[9.420928001011822]
963,59.166.0.4,149.171.126.1,*,?,unknown,tcp,*,[9.477314953896038]
964,59.166.0.4,149.171.126.1,*,?,unknown,udp,*,[10]
965,59.166.0.4,149.171.126.2,*,?,unknown,tcp,*,[9.242414660479595]
966,59.166.0.4,149.171.126.3,*,?,unknown,tcp,*,[9.332057323518095]
967,59.166.0.4,149.171.126.4,*,?,unknown,tcp,*,[10]
968,59.166.0.4,149.171.126.5,*,?,unknown,tcp,*,[10]
969,59.166.0.4,149.171.126.5,*,?,unknown,udp,*,[10]
970,59.166.0.4,149.171.126.6,*,?,unknown,tcp,*,[10]
971,59.166.0.4,149.171.126.6,*,?,unknown,udp,*,[10]
972,59.166.0.4,149.171.126.7,*,?,unknown,tcp,*,[6.484085909349798]
973,59.166.0.4,149.171.126.8,*,?,unknown,tcp,*,[9.316502180455055]
974,59.166.0.4,149.171.126.9,*,?,unknown,tcp,*,[10]
975,59.166.0.5,149.171.126.0,*,?,unknown,tcp,*,[10]
976,59.166.0.5,149.171.126.0,*,?,unknown,udp,*,[10]
977,59.166.0.5,149.171.126.1,*,?,unknown,tcp,*,[10]
978,59.166.0.5,149.171.126.1,*,?,unknown,udp,*,[10]
979,59.166.0.5,149.171.126.2,*,?,unknown,tcp,*,[10]
980,59.166.0.5,149.171.126.3,*,?,unknown,tcp,*,[10]
981,59.166.0.5,149.171.126.3,*,?,unknown,udp,*,[10]
982,59.166.0.5,149.171.126.4,*,?,unknown,tcp,*,[10]
983,59.166.0.5,149.171.126.5,*,?,unknown,tcp,*,[10]
984,59.166.0.5,149.171.126.6,*,?,unknown,tcp,*,[9.626823523061825]
985,59.166.0.5,149.171.126.6,*,?,unknown,udp,*,[10]
986,59.166.0.5,149.171.126.7,*,?,unknown,tcp,*,[10]
987,59.166.0.5,149.171.126.7,*,?,unknown,udp,*,[10]
988,59.166.0.5,149.171.126.8,*,?,unknown,tcp,*,[10]
989,59.166.0.5,149.171.126.8,*,?,unknown,udp,*,[10]
990,59.166.0.5,149.171.126.9,*,?,unknown,tcp,*,[9.078857840644263]
991,59.166.0.5,149.171.126.9,*,?,unknown,udp,*,[10]
992,59.166.0.6,149.171.126.0,*,?,unknown,tcp,*,[8.019951627685028]
993,59.166.0.6,149.171.126.1,*,?,unknown,tcp,*,[10]
994,59.166.0.6,149.171.126.1,*,?,unknown,udp,*,[10]
995,59.166.0.6,149.171.126.2,*,?,unknown,tcp,*,[10]
996,59.166.0.6,149.171.126.3,*,?,unknown,tcp,*,[10]
997,59.166.0.6,149.171.126.4,*,?,unknown,tcp,*,[10]
998,59.166.0.6,149.171.126.5,*,?,unknown,tcp,*,[10]
999,59.166.0.6,149.171.126.6,*,?,unknown,tcp,*,[6.347675023836085]
1000,59.166.0.6,149.171.126.6,*,?,unknown,udp,*,[10]
1001,59.166.0.6,149.171.126.7,*,?,unknown,tcp,*,[8.50303528777698]
1002,59.166.0.6,149.171.126.8,*,?,unknown,tcp,*,[7.242118188905024]
1003,59.166.0.6,149.171.126.9,*,?,unknown,tcp,*,[10]
1004,59.166.0.6,149.171.126.9,*,?,unknown,udp,*,[10]
1005,59.166.0.7,149.171.126.0,*,?,unknown,tcp,*,[10]
1006,59.166.0.7,149.171.126.1,*,?,unknown,tcp,*,[10]
1007,59.166.0.7,149.171.126.1,*,?,unknown,udp,*,[10]
1008,59.166.0.7,149.171.126.2,*,?,unknown,tcp,*,[10]
1009,59.166.0.7,149.171.126.3,*,?,unknown,tcp,*,[10]
1010,59.166.0.7,149.171.126.4,*,?,unknown,tcp,*,[10]
1011,59.166.0.7,149.171.126.5,*,?,unknown,tcp,*,[10]
1012,59.166.0.7,149.171.126.6,*,?,unknown,tcp,*,[10]
1013,59.166.0.7,149.171.126.6,*,?,unknown,udp,*,[10]
1014,59.166.0.7,149.171.126.7,*,?,unknown,tcp,*,[10]
1015,59.166.0.7,149.171.126.8,*,?,unknown,tcp,*,[9.882535915898929]
1016,59.166.0.7,149.171.126.9,*,?,unknown,tcp,*,[8.213323996819927]
1017,59.166.0.8,149.171.126.0,*,?,unknown,tcp,*,[10]
1018,59.166.0.8,149.171.126.0,*,?,unknown,udp,*,[10]
1019,59.166.0.8,149.171.126.1,*,?,unknown,tcp,*,[6.971947180910344]
1020,59.166.0.8,149.171.126.1,*,?,unknown,udp,*,[10]
1021,59.166.0.8,149.171.126.2,*,?,unknown,udp,*,[10]
1022,59.166.0.8,149.171.126.2,*,?,unknown,tcp,*,[10]
1023,59.166.0.8,149.171.126.3,*,?,unknown,tcp,*,[7.45871987229096]
1024,59.166.0.8,149.171.126.4,*,?,unknown,tcp,*,[10]
1025,59.166.0.8,149.171.126.5,*,?,unknown,tcp,*,[10]
1026,59.166.0.8,149.171.126.6,*,?,unknown,tcp,*,[10]
1027,59.166.0.8,149.171.126.7,*,?,unknown,tcp,*,[10]
1028,59.166.0.8,149.171.126.8,*,?,unknown,tcp,*,[7.826805443725772]
1029,59.166.0.8,149.171.126.8,*,?,unknown,udp,*,[10]
1030,59.166.0.8,149.171.126.9,*,?,unknown,tcp,*,[8.062853157994816]
1031,59.166.0.8,149.171.126.9,*,?,unknown,udp,*,[10]
1032,59.166.0.9,149.171.126.0,*,?,unknown,udp,*,[10]
1033,59.166.0.9,149.171.126.0,*,?,unknown,tcp,*,[10]
1034,59.166.0.9,149.171.126.1,*,?,unknown,tcp,*,[10]
1035,59.166.0.9,149.171.126.1,*,?,unknown,udp,*,[10]
1036,59.166.0.9,149.171.126.2,*,?,unknown,tcp,*,[10]
1037,59.166.0.9,149.171.126.2,*,?,unknown,udp,*,[10]
1038,59.166.0.9,149.171.126.3,*,?,unknown,tcp,*,[10]
1039,59.166.0.9,149.171.126.4,*,?,unknown,udp,*,[10]
1040,59.166.0.9,149.171.126.4,*,?,unknown,tcp,*,[8.346932840939191]
1041,59.166.0.9,149.171.126.5,*,?,unknown,tcp,*,[10]
1042,59.166.0.9,149.171.126.6,*,?,unknown,tcp,*,[7.075605526391381]
1043,59.166.0.9,149.171.126.7,*,?,unknown,tcp,*,[8.238003327948197]
1044,59.166.0.9,149.171.126.7,*,?,unknown,udp,*,[10]
1045,59.166.0.9,149.171.126.8,*,?,unknown,tcp,*,[9.144246143346637]
1046,59.166.0.9,149.171.126.9,*,?,unknown,tcp,*,[6.709804604644783]
1047,59.166.0.9,149.171.126.9,*,?,unknown,udp,*,[10]
